ANO;MES;UF;TIPO_PASSAPORTE;QTD;DEMANDA;MEDIA_PASSAPORTES_EMERGÊNCIA
24;7;SP;passaporte de emergência - icao;317;ALTA DEMANDA;20.95
24;10;SP;passaporte de emergência - icao;265;ALTA DEMANDA;20.95
23;12;SP;passaporte de emergência - icao;242;ALTA DEMANDA;8.2
24;9;SP;passaporte de emergência - icao;236;ALTA DEMANDA;20.95
24;1;SP;passaporte de emergência - icao;227;ALTA DEMANDA;20.95
24;8;SP;passaporte de emergência - icao;222;ALTA DEMANDA;20.95
24;4;SP;passaporte de emergência - icao;212;ALTA DEMANDA;20.95
24;6;SP;passaporte de emergência - icao;198;ALTA DEMANDA;20.95
24;5;SP;passaporte de emergência - icao;194;ALTA DEMANDA;20.95
24;3;SP;passaporte de emergência - icao;176;ALTA DEMANDA;20.95
24;2;SP;passaporte de emergência - icao;173;ALTA DEMANDA;20.95
22;12;SP;passaporte de emergência - icao;151;ALTA DEMANDA;8.3
20;1;SP;passaporte de emergência - icao;92;BAIXA DEMANDA;6.9
20;2;SP;passaporte de emergência - icao;77;BAIXA DEMANDA;6.9
22;11;SP;passaporte de emergência - icao;76;BAIXA DEMANDA;8.3
24;7;RS;passaporte de emergência - icao;65;BAIXA DEMANDA;20.95
24;9;RS;passaporte de emergência - icao;63;BAIXA DEMANDA;20.95
23;12;RS;passaporte de emergência - icao;58;BAIXA DEMANDA;8.2
23;10;SP;passaporte de emergência - icao;57;BAIXA DEMANDA;8.2
23;11;SP;passaporte de emergência - icao;54;BAIXA DEMANDA;8.2
24;8;RS;passaporte de emergência - icao;54;BAIXA DEMANDA;20.95
24;2;RS;passaporte de emergência - icao;52;BAIXA DEMANDA;20.95
24;1;RS;passaporte de emergência - icao;49;BAIXA DEMANDA;20.95
20;1;RS;passaporte de emergência - icao;49;BAIXA DEMANDA;6.9
20;3;SP;passaporte de emergência - icao;49;BAIXA DEMANDA;6.9
22;10;SP;passaporte de emergência - icao;48;BAIXA DEMANDA;8.3
22;7;SP;passaporte de emergência - icao;46;BAIXA DEMANDA;8.3
24;7;MG;passaporte de emergência - icao;45;BAIXA DEMANDA;20.95
22;5;SP;passaporte de emergência - icao;45;BAIXA DEMANDA;8.3
20;2;RS;passaporte de emergência - icao;44;BAIXA DEMANDA;6.9
23;6;SP;passaporte de emergência - icao;44;BAIXA DEMANDA;8.2
23;1;SP;passaporte de emergência - icao;43;BAIXA DEMANDA;8.2
24;10;RS;passaporte de emergência - icao;42;BAIXA DEMANDA;20.95
24;2;PR;passaporte de emergência - icao;41;BAIXA DEMANDA;20.95
24;7;PR;passaporte de emergência - icao;40;BAIXA DEMANDA;20.95
20;6;PA;passaporte de emergência - icao;40;BAIXA DEMANDA;6.9
24;10;MG;passaporte de emergência - icao;39;BAIXA DEMANDA;20.95
22;3;SP;passaporte de emergência - icao;39;BAIXA DEMANDA;8.3
23;9;SP;passaporte de emergência - icao;39;BAIXA DEMANDA;8.2
24;7;SC;passaporte de emergência - icao;38;BAIXA DEMANDA;20.95
22;6;SP;passaporte de emergência - icao;37;BAIXA DEMANDA;8.3
23;3;SP;passaporte de emergência - icao;37;BAIXA DEMANDA;8.2
23;7;SP;passaporte de emergência - icao;36;BAIXA DEMANDA;8.2
23;4;SP;passaporte de emergência - icao;36;BAIXA DEMANDA;8.2
24;1;PR;passaporte de emergência - icao;36;BAIXA DEMANDA;20.95
23;5;SP;passaporte de emergência - icao;36;BAIXA DEMANDA;8.2
23;12;DF;passaporte de emergência - icao;36;BAIXA DEMANDA;8.2
24;5;PR;passaporte de emergência - icao;36;BAIXA DEMANDA;20.95
24;8;MG;passaporte de emergência - icao;35;BAIXA DEMANDA;20.95
24;4;RS;passaporte de emergência - icao;35;BAIXA DEMANDA;20.95
22;12;MG;passaporte de emergência - icao;35;BAIXA DEMANDA;8.3
22;4;SP;passaporte de emergência - icao;35;BAIXA DEMANDA;8.3
23;12;MG;passaporte de emergência - icao;34;BAIXA DEMANDA;8.2
24;8;DF;passaporte de emergência - icao;33;BAIXA DEMANDA;20.95
22;2;SP;passaporte de emergência - icao;33;BAIXA DEMANDA;8.3
21;12;SP;passaporte de emergência - icao;33;BAIXA DEMANDA;4.12
20;1;DF;passaporte de emergência - icao;32;BAIXA DEMANDA;6.9
23;2;SP;passaporte de emergência - icao;31;BAIXA DEMANDA;8.2
24;4;PR;passaporte de emergência - icao;30;BAIXA DEMANDA;20.95
23;8;SP;passaporte de emergência - icao;29;BAIXA DEMANDA;8.2
24;3;RS;passaporte de emergência - icao;29;BAIXA DEMANDA;20.95
23;12;PR;passaporte de emergência - icao;29;BAIXA DEMANDA;8.2
22;1;SP;passaporte de emergência - icao;28;BAIXA DEMANDA;8.3
22;12;RJ;passaporte de emergência - icao;28;BAIXA DEMANDA;8.3
22;12;DF;passaporte de emergência - icao;28;BAIXA DEMANDA;8.3
22;12;PA;passaporte de emergência - icao;27;BAIXA DEMANDA;8.3
24;8;PR;passaporte de emergência - icao;27;BAIXA DEMANDA;20.95
20;2;DF;passaporte de emergência - icao;26;BAIXA DEMANDA;6.9
24;9;MG;passaporte de emergência - icao;26;BAIXA DEMANDA;20.95
24;9;PR;passaporte de emergência - icao;25;BAIXA DEMANDA;20.95
23;12;AM;passaporte de emergência - icao;25;BAIXA DEMANDA;8.2
24;3;DF;passaporte de emergência - icao;25;BAIXA DEMANDA;20.95
22;11;RS;passaporte de emergência - icao;25;BAIXA DEMANDA;8.3
20;1;MG;passaporte de emergência - icao;25;BAIXA DEMANDA;6.9
24;7;DF;passaporte de emergência - icao;24;BAIXA DEMANDA;20.95
24;2;DF;passaporte de emergência - icao;24;BAIXA DEMANDA;20.95
24;1;DF;passaporte de emergência - icao;24;BAIXA DEMANDA;20.95
24;9;DF;passaporte de emergência - icao;24;BAIXA DEMANDA;20.95
24;3;MG;passaporte de emergência - icao;23;BAIXA DEMANDA;20.95
22;12;CE;passaporte de emergência - icao;23;BAIXA DEMANDA;8.3
21;11;SP;passaporte de emergência - icao;23;BAIXA DEMANDA;4.12
20;12;SP;passaporte de emergência - icao;23;BAIXA DEMANDA;6.9
24;10;PR;passaporte de emergência - icao;23;BAIXA DEMANDA;20.95
24;10;RJ;passaporte de emergência - icao;23;BAIXA DEMANDA;20.95
24;1;MG;passaporte de emergência - icao;23;BAIXA DEMANDA;20.95
20;8;RJ;passaporte de emergência - icao;23;BAIXA DEMANDA;6.9
24;2;MG;passaporte de emergência - icao;22;BAIXA DEMANDA;20.95
24;3;CE;passaporte de emergência - icao;22;BAIXA DEMANDA;20.95
20;1;PR;passaporte de emergência - icao;22;BAIXA DEMANDA;6.9
22;8;SP;passaporte de emergência - icao;22;BAIXA DEMANDA;8.3
21;10;SP;passaporte de emergência - icao;22;BAIXA DEMANDA;4.12
24;6;DF;passaporte de emergência - icao;22;BAIXA DEMANDA;20.95
21;6;SP;passaporte de emergência - icao;21;BAIXA DEMANDA;4.12
22;9;SP;passaporte de emergência - icao;21;BAIXA DEMANDA;8.3
20;2;CE;passaporte de emergência - icao;21;BAIXA DEMANDA;6.9
21;7;SP;passaporte de emergência - icao;20;BAIXA DEMANDA;4.12
24;6;PA;passaporte de emergência - icao;20;BAIXA DEMANDA;20.95
24;2;RJ;passaporte de emergência - icao;20;BAIXA DEMANDA;20.95
21;1;SP;passaporte de emergência - icao;19;BAIXA DEMANDA;4.12
20;4;SP;passaporte de emergência - icao;19;BAIXA DEMANDA;6.9
24;2;CE;passaporte de emergência - icao;19;BAIXA DEMANDA;20.95
20;2;MG;passaporte de emergência - icao;19;BAIXA DEMANDA;6.9
24;4;CE;passaporte de emergência - icao;18;BAIXA DEMANDA;20.95
24;6;PR;passaporte de emergência - icao;18;BAIXA DEMANDA;20.95
20;11;SP;passaporte de emergência - icao;18;BAIXA DEMANDA;6.9
22;12;PR;passaporte de emergência - icao;18;BAIXA DEMANDA;8.3
24;6;BA;passaporte de emergência - icao;18;BAIXA DEMANDA;20.95
24;4;DF;passaporte de emergência - icao;18;BAIXA DEMANDA;20.95
21;2;RN;passaporte de emergência - icao;18;BAIXA DEMANDA;4.12
24;7;RJ;passaporte de emergência - icao;17;BAIXA DEMANDA;20.95
24;10;DF;passaporte de emergência - icao;17;BAIXA DEMANDA;20.95
24;8;RJ;passaporte de emergência - icao;17;BAIXA DEMANDA;20.95
22;12;RS;passaporte de emergência - icao;17;BAIXA DEMANDA;8.3
22;11;DF;passaporte de emergência - icao;17;BAIXA DEMANDA;8.3
24;10;BA;passaporte de emergência - icao;17;BAIXA DEMANDA;20.95
24;3;PR;passaporte de emergência - icao;17;BAIXA DEMANDA;20.95
23;4;RS;passaporte de emergência - icao;17;BAIXA DEMANDA;8.2
24;10;AM;passaporte de emergência - icao;17;BAIXA DEMANDA;20.95
20;1;PA;passaporte de emergência - icao;16;BAIXA DEMANDA;6.9
24;5;MG;passaporte de emergência - icao;16;BAIXA DEMANDA;20.95
21;3;SP;passaporte de emergência - icao;16;BAIXA DEMANDA;4.12
23;3;PA;passaporte de emergência - icao;16;BAIXA DEMANDA;8.2
21;2;SP;passaporte de emergência - icao;16;BAIXA DEMANDA;4.12
20;2;PR;passaporte de emergência - icao;16;BAIXA DEMANDA;6.9
21;9;SP;passaporte de emergência - icao;16;BAIXA DEMANDA;4.12
23;11;RS;passaporte de emergência - icao;16;BAIXA DEMANDA;8.2
24;4;SC;passaporte de emergência - icao;16;BAIXA DEMANDA;20.95
24;5;DF;passaporte de emergência - icao;16;BAIXA DEMANDA;20.95
24;5;CE;passaporte de emergência - icao;16;BAIXA DEMANDA;20.95
23;7;DF;passaporte de emergência - icao;16;BAIXA DEMANDA;8.2
24;3;RJ;passaporte de emergência - icao;16;BAIXA DEMANDA;20.95
22;4;RS;passaporte de emergência - icao;15;BAIXA DEMANDA;8.3
20;1;SC;passaporte de emergência - icao;15;BAIXA DEMANDA;6.9
24;2;BA;passaporte de emergência - icao;15;BAIXA DEMANDA;20.95
24;9;SC;passaporte de emergência - icao;15;BAIXA DEMANDA;20.95
24;2;SC;passaporte de emergência - icao;15;BAIXA DEMANDA;20.95
24;3;AM;passaporte de emergência - icao;15;BAIXA DEMANDA;20.95
20;8;SP;passaporte de emergência - icao;15;BAIXA DEMANDA;6.9
20;5;PA;passaporte de emergência - icao;14;BAIXA DEMANDA;6.9
22;11;BA;passaporte de emergência - icao;14;BAIXA DEMANDA;8.3
24;2;PE;passaporte de emergência - icao;14;BAIXA DEMANDA;20.95
20;5;SP;passaporte de emergência - icao;14;BAIXA DEMANDA;6.9
24;4;PA;passaporte de emergência - icao;14;BAIXA DEMANDA;20.95
24;1;CE;passaporte de emergência - icao;14;BAIXA DEMANDA;20.95
24;7;CE;passaporte de emergência - icao;14;BAIXA DEMANDA;20.95
21;11;RS;passaporte de emergência - icao;14;BAIXA DEMANDA;4.12
24;10;CE;passaporte de emergência - icao;14;BAIXA DEMANDA;20.95
24;8;MT;passaporte de emergência - icao;14;BAIXA DEMANDA;20.95
24;8;SC;passaporte de emergência - icao;13;BAIXA DEMANDA;20.95
24;8;PE;passaporte de emergência - icao;13;BAIXA DEMANDA;20.95
24;7;PA;passaporte de emergência - icao;13;BAIXA DEMANDA;20.95
23;11;DF;passaporte de emergência - icao;13;BAIXA DEMANDA;8.2
23;11;PR;passaporte de emergência - icao;13;BAIXA DEMANDA;8.2
22;9;RS;passaporte de emergência - icao;13;BAIXA DEMANDA;8.3
24;6;SC;passaporte de emergência - icao;13;BAIXA DEMANDA;20.95
22;12;AM;passaporte de emergência - icao;13;BAIXA DEMANDA;8.3
22;11;CE;passaporte de emergência - icao;13;BAIXA DEMANDA;8.3
23;1;AM;passaporte de emergência - icao;13;BAIXA DEMANDA;8.2
24;8;BA;passaporte de emergência - icao;12;BAIXA DEMANDA;20.95
23;11;PA;passaporte de emergência - icao;12;BAIXA DEMANDA;8.2
24;1;SC;passaporte de emergência - icao;12;BAIXA DEMANDA;20.95
24;1;PE;passaporte de emergência - icao;12;BAIXA DEMANDA;20.95
23;12;SC;passaporte de emergência - icao;12;BAIXA DEMANDA;8.2
23;7;RS;passaporte de emergência - icao;12;BAIXA DEMANDA;8.2
23;8;RS;passaporte de emergência - icao;12;BAIXA DEMANDA;8.2
22;7;DF;passaporte de emergência - icao;12;BAIXA DEMANDA;8.3
22;8;PR;passaporte de emergência - icao;12;BAIXA DEMANDA;8.3
24;6;AM;passaporte de emergência - icao;12;BAIXA DEMANDA;20.95
24;2;AM;passaporte de emergência - icao;12;BAIXA DEMANDA;20.95
20;7;PA;passaporte de emergência - icao;12;BAIXA DEMANDA;6.9
23;10;RS;passaporte de emergência - icao;12;BAIXA DEMANDA;8.2
23;9;RS;passaporte de emergência - icao;12;BAIXA DEMANDA;8.2
24;7;BA;passaporte de emergência - icao;12;BAIXA DEMANDA;20.95
22;1;DF;passaporte de emergência - icao;11;BAIXA DEMANDA;8.3
24;3;BA;passaporte de emergência - icao;11;BAIXA DEMANDA;20.95
24;2;PB;passaporte de emergência - icao;11;BAIXA DEMANDA;20.95
20;6;PB;passaporte de emergência - icao;11;BAIXA DEMANDA;6.9
22;12;BA;passaporte de emergência - icao;11;BAIXA DEMANDA;8.3
22;8;DF;passaporte de emergência - icao;11;BAIXA DEMANDA;8.3
24;6;RS;passaporte de emergência - icao;11;BAIXA DEMANDA;20.95
23;2;PA;passaporte de emergência - icao;11;BAIXA DEMANDA;8.2
23;6;RS;passaporte de emergência - icao;11;BAIXA DEMANDA;8.2
24;1;RN;passaporte de emergência - icao;11;BAIXA DEMANDA;20.95
24;9;PE;passaporte de emergência - icao;11;BAIXA DEMANDA;20.95
20;3;RS;passaporte de emergência - icao;11;BAIXA DEMANDA;6.9
22;6;PA;passaporte de emergência - icao;11;BAIXA DEMANDA;8.3
22;6;PR;passaporte de emergência - icao;11;BAIXA DEMANDA;8.3
22;7;RS;passaporte de emergência - icao;11;BAIXA DEMANDA;8.3
22;5;PA;passaporte de emergência - icao;11;BAIXA DEMANDA;8.3
24;5;SC;passaporte de emergência - icao;11;BAIXA DEMANDA;20.95
20;1;CE;passaporte de emergência - icao;10;BAIXA DEMANDA;6.9
24;4;BA;passaporte de emergência - icao;10;BAIXA DEMANDA;20.95
23;12;PA;passaporte de emergência - icao;10;BAIXA DEMANDA;8.2
24;1;AC;passaporte de emergência - icao;10;BAIXA DEMANDA;20.95
20;10;SP;passaporte de emergência - icao;10;BAIXA DEMANDA;6.9
20;11;PA;passaporte de emergência - icao;10;BAIXA DEMANDA;6.9
23;6;PA;passaporte de emergência - icao;10;BAIXA DEMANDA;8.2
23;7;PR;passaporte de emergência - icao;10;BAIXA DEMANDA;8.2
23;7;CE;passaporte de emergência - icao;10;BAIXA DEMANDA;8.2
24;9;MT;passaporte de emergência - icao;10;BAIXA DEMANDA;20.95
21;8;SP;passaporte de emergência - icao;10;BAIXA DEMANDA;4.12
23;9;PR;passaporte de emergência - icao;10;BAIXA DEMANDA;8.2
21;12;CE;passaporte de emergência - icao;10;BAIXA DEMANDA;4.12
24;8;CE;passaporte de emergência - icao;10;BAIXA DEMANDA;20.95
20;2;PA;passaporte de emergência - icao;10;BAIXA DEMANDA;6.9
24;9;PA;passaporte de emergência - icao;10;BAIXA DEMANDA;20.95
24;7;AM;passaporte de emergência - icao;10;BAIXA DEMANDA;20.95
20;6;SP;passaporte de emergência - icao;10;BAIXA DEMANDA;6.9
23;1;RN;passaporte de emergência - icao;10;BAIXA DEMANDA;8.2
21;5;SP;passaporte de emergência - icao;10;BAIXA DEMANDA;4.12
24;10;MT;passaporte de emergência - icao;10;BAIXA DEMANDA;20.95
24;10;SC;passaporte de emergência - icao;9;BAIXA DEMANDA;20.95
22;8;RS;passaporte de emergência - icao;9;BAIXA DEMANDA;8.3
24;4;MG;passaporte de emergência - icao;9;BAIXA DEMANDA;20.95
21;7;PR;passaporte de emergência - icao;9;BAIXA DEMANDA;4.12
22;9;PA;passaporte de emergência - icao;9;BAIXA DEMANDA;8.3
22;10;DF;passaporte de emergência - icao;9;BAIXA DEMANDA;8.3
22;5;RJ;passaporte de emergência - icao;9;BAIXA DEMANDA;8.3
22;10;MG;passaporte de emergência - icao;9;BAIXA DEMANDA;8.3
20;5;PB;passaporte de emergência - icao;9;BAIXA DEMANDA;6.9
23;12;GO;passaporte de emergência - icao;9;BAIXA DEMANDA;8.2
23;7;AM;passaporte de emergência - icao;9;BAIXA DEMANDA;8.2
23;12;PE;passaporte de emergência - icao;9;BAIXA DEMANDA;8.2
21;10;RS;passaporte de emergência - icao;9;BAIXA DEMANDA;4.12
20;3;DF;passaporte de emergência - icao;9;BAIXA DEMANDA;6.9
24;9;RJ;passaporte de emergência - icao;9;BAIXA DEMANDA;20.95
23;5;DF;passaporte de emergência - icao;9;BAIXA DEMANDA;8.2
24;3;PE;passaporte de emergência - icao;9;BAIXA DEMANDA;20.95
24;9;AM;passaporte de emergência - icao;9;BAIXA DEMANDA;20.95
20;3;PA;passaporte de emergência - icao;9;BAIXA DEMANDA;6.9
24;4;MT;passaporte de emergência - icao;9;BAIXA DEMANDA;20.95
22;9;CE;passaporte de emergência - icao;9;BAIXA DEMANDA;8.3
23;2;DF;passaporte de emergência - icao;9;BAIXA DEMANDA;8.2
24;2;PA;passaporte de emergência - icao;9;BAIXA DEMANDA;20.95
20;9;PA;passaporte de emergência - icao;9;BAIXA DEMANDA;6.9
22;11;PR;passaporte de emergência - icao;9;BAIXA DEMANDA;8.3
20;7;BA;passaporte de emergência - icao;9;BAIXA DEMANDA;6.9
23;11;AL;passaporte de emergência - icao;8;BAIXA DEMANDA;8.2
24;7;PB;passaporte de emergência - icao;8;BAIXA DEMANDA;20.95
23;10;PR;passaporte de emergência - icao;8;BAIXA DEMANDA;8.2
23;11;CE;passaporte de emergência - icao;8;BAIXA DEMANDA;8.2
23;12;PB;passaporte de emergência - icao;8;BAIXA DEMANDA;8.2
23;12;CE;passaporte de emergência - icao;8;BAIXA DEMANDA;8.2
23;6;BA;passaporte de emergência - icao;8;BAIXA DEMANDA;8.2
23;6;PR;passaporte de emergência - icao;8;BAIXA DEMANDA;8.2
23;3;RS;passaporte de emergência - icao;8;BAIXA DEMANDA;8.2
23;4;DF;passaporte de emergência - icao;8;BAIXA DEMANDA;8.2
21;12;PA;passaporte de emergência - icao;8;BAIXA DEMANDA;4.12
24;9;CE;passaporte de emergência - icao;8;BAIXA DEMANDA;20.95
20;2;ES;passaporte de emergência - icao;8;BAIXA DEMANDA;6.9
20;8;PA;passaporte de emergência - icao;8;BAIXA DEMANDA;6.9
24;2;RN;passaporte de emergência - icao;8;BAIXA DEMANDA;20.95
21;6;RS;passaporte de emergência - icao;8;BAIXA DEMANDA;4.12
21;4;SP;passaporte de emergência - icao;8;BAIXA DEMANDA;4.12
22;12;MT;passaporte de emergência - icao;8;BAIXA DEMANDA;8.3
20;6;BA;passaporte de emergência - icao;8;BAIXA DEMANDA;6.9
24;6;PE;passaporte de emergência - icao;8;BAIXA DEMANDA;20.95
22;11;RJ;passaporte de emergência - icao;8;BAIXA DEMANDA;8.3
24;6;RN;passaporte de emergência - icao;8;BAIXA DEMANDA;20.95
23;1;CE;passaporte de emergência - icao;8;BAIXA DEMANDA;8.2
22;8;PA;passaporte de emergência - icao;8;BAIXA DEMANDA;8.3
24;5;PB;passaporte de emergência - icao;8;BAIXA DEMANDA;20.95
22;9;PR;passaporte de emergência - icao;8;BAIXA DEMANDA;8.3
22;6;RS;passaporte de emergência - icao;8;BAIXA DEMANDA;8.3
22;6;DF;passaporte de emergência - icao;8;BAIXA DEMANDA;8.3
22;7;GO;passaporte de emergência - icao;8;BAIXA DEMANDA;8.3
22;3;RN;passaporte de emergência - icao;8;BAIXA DEMANDA;8.3
22;2;SC;passaporte de emergência - icao;8;BAIXA DEMANDA;8.3
22;3;CE;passaporte de emergência - icao;8;BAIXA DEMANDA;8.3
24;10;PA;passaporte de emergência - icao;8;BAIXA DEMANDA;20.95
20;1;AM;passaporte de emergência - icao;8;BAIXA DEMANDA;6.9
24;10;ES;passaporte de emergência - icao;7;BAIXA DEMANDA;20.95
22;4;SC;passaporte de emergência - icao;7;BAIXA DEMANDA;8.3
22;3;PA;passaporte de emergência - icao;7;BAIXA DEMANDA;8.3
21;12;ES;passaporte de emergência - icao;7;BAIXA DEMANDA;4.12
23;3;PR;passaporte de emergência - icao;7;BAIXA DEMANDA;8.2
23;4;PR;passaporte de emergência - icao;7;BAIXA DEMANDA;8.2
23;4;PA;passaporte de emergência - icao;7;BAIXA DEMANDA;8.2
22;1;CE;passaporte de emergência - icao;7;BAIXA DEMANDA;8.3
20;4;PA;passaporte de emergência - icao;7;BAIXA DEMANDA;6.9
24;7;PE;passaporte de emergência - icao;7;BAIXA DEMANDA;20.95
24;7;AC;passaporte de emergência - icao;7;BAIXA DEMANDA;20.95
22;11;PA;passaporte de emergência - icao;7;BAIXA DEMANDA;8.3
22;10;PR;passaporte de emergência - icao;7;BAIXA DEMANDA;8.3
22;10;PA;passaporte de emergência - icao;7;BAIXA DEMANDA;8.3
22;10;BA;passaporte de emergência - icao;7;BAIXA DEMANDA;8.3
24;5;RS;passaporte de emergência - icao;7;BAIXA DEMANDA;20.95
22;12;ES;passaporte de emergência - icao;7;BAIXA DEMANDA;8.3
23;9;AM;passaporte de emergência - icao;7;BAIXA DEMANDA;8.2
23;12;RN;passaporte de emergência - icao;7;BAIXA DEMANDA;8.2
23;1;BA;passaporte de emergência - icao;7;BAIXA DEMANDA;8.2
24;5;AM;passaporte de emergência - icao;7;BAIXA DEMANDA;20.95
24;8;AM;passaporte de emergência - icao;7;BAIXA DEMANDA;20.95
24;10;PE;passaporte de emergência - icao;7;BAIXA DEMANDA;20.95
21;11;AM;passaporte de emergência - icao;7;BAIXA DEMANDA;4.12
22;11;SC;passaporte de emergência - icao;7;BAIXA DEMANDA;8.3
21;4;RN;passaporte de emergência - icao;7;BAIXA DEMANDA;4.12
20;10;PA;passaporte de emergência - icao;7;BAIXA DEMANDA;6.9
24;4;PB;passaporte de emergência - icao;7;BAIXA DEMANDA;20.95
22;9;MG;passaporte de emergência - icao;7;BAIXA DEMANDA;8.3
22;5;RS;passaporte de emergência - icao;7;BAIXA DEMANDA;8.3
22;9;DF;passaporte de emergência - icao;7;BAIXA DEMANDA;8.3
22;10;CE;passaporte de emergência - icao;7;BAIXA DEMANDA;8.3
20;1;MA;passaporte de emergência - icao;6;BAIXA DEMANDA;6.9
22;2;CE;passaporte de emergência - icao;6;BAIXA DEMANDA;8.3
20;3;CE;passaporte de emergência - icao;6;BAIXA DEMANDA;6.9
24;10;PB;passaporte de emergência - icao;6;BAIXA DEMANDA;20.95
24;9;RN;passaporte de emergência - icao;6;BAIXA DEMANDA;20.95
24;2;PI;passaporte de emergência - icao;6;BAIXA DEMANDA;20.95
20;2;RJ;passaporte de emergência - icao;6;BAIXA DEMANDA;6.9
23;8;BA;passaporte de emergência - icao;6;BAIXA DEMANDA;8.2
24;3;SC;passaporte de emergência - icao;6;BAIXA DEMANDA;20.95
20;12;DF;passaporte de emergência - icao;6;BAIXA DEMANDA;6.9
24;3;MT;passaporte de emergência - icao;6;BAIXA DEMANDA;20.95
24;4;RN;passaporte de emergência - icao;6;BAIXA DEMANDA;20.95
23;9;DF;passaporte de emergência - icao;6;BAIXA DEMANDA;8.2
21;8;DF;passaporte de emergência - icao;6;BAIXA DEMANDA;4.12
24;6;MG;passaporte de emergência - icao;6;BAIXA DEMANDA;20.95
20;1;PE;passaporte de emergência - icao;6;BAIXA DEMANDA;6.9
20;4;PR;passaporte de emergência - icao;6;BAIXA DEMANDA;6.9
22;2;RS;passaporte de emergência - icao;6;BAIXA DEMANDA;8.3
20;5;BA;passaporte de emergência - icao;6;BAIXA DEMANDA;6.9
22;11;MT;passaporte de emergência - icao;6;BAIXA DEMANDA;8.3
22;11;GO;passaporte de emergência - icao;6;BAIXA DEMANDA;8.3
23;8;DF;passaporte de emergência - icao;6;BAIXA DEMANDA;8.2
22;1;RS;passaporte de emergência - icao;6;BAIXA DEMANDA;8.3
20;7;PB;passaporte de emergência - icao;6;BAIXA DEMANDA;6.9
24;6;CE;passaporte de emergência - icao;6;BAIXA DEMANDA;20.95
24;6;AL;passaporte de emergência - icao;6;BAIXA DEMANDA;20.95
23;1;ES;passaporte de emergência - icao;6;BAIXA DEMANDA;8.2
23;2;AM;passaporte de emergência - icao;6;BAIXA DEMANDA;8.2
22;7;SC;passaporte de emergência - icao;6;BAIXA DEMANDA;8.3
21;9;RS;passaporte de emergência - icao;6;BAIXA DEMANDA;4.12
24;5;RJ;passaporte de emergência - icao;6;BAIXA DEMANDA;20.95
24;1;AM;passaporte de emergência - icao;6;BAIXA DEMANDA;20.95
23;5;RS;passaporte de emergência - icao;6;BAIXA DEMANDA;8.2
22;8;SC;passaporte de emergência - icao;6;BAIXA DEMANDA;8.3
24;1;BA;passaporte de emergência - icao;6;BAIXA DEMANDA;20.95
23;5;PA;passaporte de emergência - icao;6;BAIXA DEMANDA;8.2
21;12;SC;passaporte de emergência - icao;6;BAIXA DEMANDA;4.12
22;3;DF;passaporte de emergência - icao;6;BAIXA DEMANDA;8.3
22;1;GO;passaporte de emergência - icao;6;BAIXA DEMANDA;8.3
22;4;CE;passaporte de emergência - icao;6;BAIXA DEMANDA;8.3
22;2;MG;passaporte de emergência - icao;6;BAIXA DEMANDA;8.3
21;12;DF;passaporte de emergência - icao;6;BAIXA DEMANDA;4.12
24;7;MT;passaporte de emergência - icao;6;BAIXA DEMANDA;20.95
24;9;BA;passaporte de emergência - icao;5;BAIXA DEMANDA;20.95
20;9;SP;passaporte de emergência - icao;5;BAIXA DEMANDA;6.9
20;2;RN;passaporte de emergência - icao;5;BAIXA DEMANDA;6.9
24;10;MS;passaporte de emergência - icao;5;BAIXA DEMANDA;20.95
23;1;SC;passaporte de emergência - icao;5;BAIXA DEMANDA;8.2
23;2;RS;passaporte de emergência - icao;5;BAIXA DEMANDA;8.2
21;7;MG;passaporte de emergência - icao;5;BAIXA DEMANDA;4.12
22;9;AP;passaporte de emergência - icao;5;BAIXA DEMANDA;8.3
24;1;PI;passaporte de emergência - icao;5;BAIXA DEMANDA;20.95
23;11;BA;passaporte de emergência - icao;5;BAIXA DEMANDA;8.2
23;11;PI;passaporte de emergência - icao;5;BAIXA DEMANDA;8.2
22;12;PB;passaporte de emergência - icao;5;BAIXA DEMANDA;8.3
23;2;PR;passaporte de emergência - icao;5;BAIXA DEMANDA;8.2
22;1;PA;passaporte de emergência - icao;5;BAIXA DEMANDA;8.3
22;4;PA;passaporte de emergência - icao;5;BAIXA DEMANDA;8.3
22;5;PR;passaporte de emergência - icao;5;BAIXA DEMANDA;8.3
22;5;MT;passaporte de emergência - icao;5;BAIXA DEMANDA;8.3
22;5;CE;passaporte de emergência - icao;5;BAIXA DEMANDA;8.3
20;7;PE;passaporte de emergência - icao;5;BAIXA DEMANDA;6.9
20;8;BA;passaporte de emergência - icao;5;BAIXA DEMANDA;6.9
23;11;PE;passaporte de emergência - icao;5;BAIXA DEMANDA;8.2
22;4;DF;passaporte de emergência - icao;5;BAIXA DEMANDA;8.3
21;11;DF;passaporte de emergência - icao;5;BAIXA DEMANDA;4.12
22;3;RJ;passaporte de emergência - icao;5;BAIXA DEMANDA;8.3
22;3;RS;passaporte de emergência - icao;5;BAIXA DEMANDA;8.3
23;4;BA;passaporte de emergência - icao;5;BAIXA DEMANDA;8.2
23;7;BA;passaporte de emergência - icao;5;BAIXA DEMANDA;8.2
24;1;RJ;passaporte de emergência - icao;5;BAIXA DEMANDA;20.95
23;8;AM;passaporte de emergência - icao;5;BAIXA DEMANDA;8.2
22;8;BA;passaporte de emergência - icao;5;BAIXA DEMANDA;8.3
22;6;CE;passaporte de emergência - icao;5;BAIXA DEMANDA;8.3
24;4;RJ;passaporte de emergência - icao;5;BAIXA DEMANDA;20.95
23;1;DF;passaporte de emergência - icao;5;BAIXA DEMANDA;8.2
23;6;DF;passaporte de emergência - icao;5;BAIXA DEMANDA;8.2
22;12;GO;passaporte de emergência - icao;5;BAIXA DEMANDA;8.3
23;1;RS;passaporte de emergência - icao;5;BAIXA DEMANDA;8.2
21;7;RS;passaporte de emergência - icao;5;BAIXA DEMANDA;4.12
24;3;PB;passaporte de emergência - icao;5;BAIXA DEMANDA;20.95
24;4;GO;passaporte de emergência - icao;5;BAIXA DEMANDA;20.95
22;5;SC;passaporte de emergência - icao;5;BAIXA DEMANDA;8.3
23;9;PA;passaporte de emergência - icao;5;BAIXA DEMANDA;8.2
23;10;PA;passaporte de emergência - icao;5;BAIXA DEMANDA;8.2
22;11;MG;passaporte de emergência - icao;5;BAIXA DEMANDA;8.3
24;3;PA;passaporte de emergência - icao;5;BAIXA DEMANDA;20.95
20;11;PR;passaporte de emergência - icao;5;BAIXA DEMANDA;6.9
22;10;RS;passaporte de emergência - icao;5;BAIXA DEMANDA;8.3
21;8;RS;passaporte de emergência - icao;5;BAIXA DEMANDA;4.12
24;8;ES;passaporte de emergência - icao;5;BAIXA DEMANDA;20.95
24;8;GO;passaporte de emergência - icao;5;BAIXA DEMANDA;20.95
20;3;SC;passaporte de emergência - icao;5;BAIXA DEMANDA;6.9
24;5;BA;passaporte de emergência - icao;5;BAIXA DEMANDA;20.95
20;2;SC;passaporte de emergência - icao;5;BAIXA DEMANDA;6.9
20;3;PR;passaporte de emergência - icao;5;BAIXA DEMANDA;6.9
20;4;PB;passaporte de emergência - icao;5;BAIXA DEMANDA;6.9
23;11;AM;passaporte de emergência - icao;5;BAIXA DEMANDA;8.2
23;10;SC;passaporte de emergência - icao;5;BAIXA DEMANDA;8.2
21;10;SC;passaporte de emergência - icao;5;BAIXA DEMANDA;4.12
22;2;DF;passaporte de emergência - icao;5;BAIXA DEMANDA;8.3
20;1;ES;passaporte de emergência - icao;5;BAIXA DEMANDA;6.9
24;8;RO;passaporte de emergência - icao;5;BAIXA DEMANDA;20.95
24;7;PI;passaporte de emergência - icao;5;BAIXA DEMANDA;20.95
24;8;PI;passaporte de emergência - icao;4;BAIXA DEMANDA;20.95
24;9;ES;passaporte de emergência - icao;4;BAIXA DEMANDA;20.95
24;6;PB;passaporte de emergência - icao;4;BAIXA DEMANDA;20.95
24;6;RJ;passaporte de emergência - icao;4;BAIXA DEMANDA;20.95
22;2;GO;passaporte de emergência - icao;4;BAIXA DEMANDA;8.3
21;10;PA;passaporte de emergência - icao;4;BAIXA DEMANDA;4.12
22;2;ES;passaporte de emergência - icao;4;BAIXA DEMANDA;8.3
23;10;RN;passaporte de emergência - icao;4;BAIXA DEMANDA;8.2
22;11;AM;passaporte de emergência - icao;4;BAIXA DEMANDA;8.3
23;10;DF;passaporte de emergência - icao;4;BAIXA DEMANDA;8.2
23;10;AM;passaporte de emergência - icao;4;BAIXA DEMANDA;8.2
20;12;BA;passaporte de emergência - icao;4;BAIXA DEMANDA;6.9
20;10;RS;passaporte de emergência - icao;4;BAIXA DEMANDA;6.9
24;2;AL;passaporte de emergência - icao;4;BAIXA DEMANDA;20.95
20;10;GO;passaporte de emergência - icao;4;BAIXA DEMANDA;6.9
23;10;CE;passaporte de emergência - icao;4;BAIXA DEMANDA;8.2
20;3;MG;passaporte de emergência - icao;4;BAIXA DEMANDA;6.9
22;10;SC;passaporte de emergência - icao;4;BAIXA DEMANDA;8.3
22;12;AP;passaporte de emergência - icao;4;BAIXA DEMANDA;8.3
22;11;ES;passaporte de emergência - icao;4;BAIXA DEMANDA;8.3
24;7;GO;passaporte de emergência - icao;4;BAIXA DEMANDA;20.95
20;1;BA;passaporte de emergência - icao;4;BAIXA DEMANDA;6.9
24;7;ES;passaporte de emergência - icao;4;BAIXA DEMANDA;20.95
23;8;PA;passaporte de emergência - icao;4;BAIXA DEMANDA;8.2
24;1;ES;passaporte de emergência - icao;4;BAIXA DEMANDA;20.95
24;1;PB;passaporte de emergência - icao;4;BAIXA DEMANDA;20.95
21;7;PA;passaporte de emergência - icao;4;BAIXA DEMANDA;4.12
22;9;BA;passaporte de emergência - icao;4;BAIXA DEMANDA;8.3
23;6;MG;passaporte de emergência - icao;4;BAIXA DEMANDA;8.2
24;5;PA;passaporte de emergência - icao;4;BAIXA DEMANDA;20.95
22;12;SC;passaporte de emergência - icao;4;BAIXA DEMANDA;8.3
22;12;RN;passaporte de emergência - icao;4;BAIXA DEMANDA;8.3
20;10;DF;passaporte de emergência - icao;4;BAIXA DEMANDA;6.9
23;8;PR;passaporte de emergência - icao;4;BAIXA DEMANDA;8.2
23;11;RN;passaporte de emergência - icao;4;BAIXA DEMANDA;8.2
21;4;AM;passaporte de emergência - icao;4;BAIXA DEMANDA;4.12
20;12;PR;passaporte de emergência - icao;4;BAIXA DEMANDA;6.9
23;6;AP;passaporte de emergência - icao;4;BAIXA DEMANDA;8.2
23;6;AM;passaporte de emergência - icao;4;BAIXA DEMANDA;8.2
23;2;BA;passaporte de emergência - icao;4;BAIXA DEMANDA;8.2
22;8;AM;passaporte de emergência - icao;4;BAIXA DEMANDA;8.3
22;8;CE;passaporte de emergência - icao;4;BAIXA DEMANDA;8.3
22;7;AM;passaporte de emergência - icao;4;BAIXA DEMANDA;8.3
24;5;GO;passaporte de emergência - icao;4;BAIXA DEMANDA;20.95
24;5;PE;passaporte de emergência - icao;4;BAIXA DEMANDA;20.95
21;8;PA;passaporte de emergência - icao;4;BAIXA DEMANDA;4.12
22;7;MT;passaporte de emergência - icao;4;BAIXA DEMANDA;8.3
21;9;GO;passaporte de emergência - icao;4;BAIXA DEMANDA;4.12
20;6;CE;passaporte de emergência - icao;4;BAIXA DEMANDA;6.9
20;6;MG;passaporte de emergência - icao;4;BAIXA DEMANDA;6.9
21;9;CE;passaporte de emergência - icao;4;BAIXA DEMANDA;4.12
20;5;PE;passaporte de emergência - icao;4;BAIXA DEMANDA;6.9
21;6;CE;passaporte de emergência - icao;4;BAIXA DEMANDA;4.12
24;4;AM;passaporte de emergência - icao;4;BAIXA DEMANDA;20.95
21;6;RJ;passaporte de emergência - icao;4;BAIXA DEMANDA;4.12
21;6;PA;passaporte de emergência - icao;4;BAIXA DEMANDA;4.12
23;8;ES;passaporte de emergência - icao;4;BAIXA DEMANDA;8.2
23;7;MG;passaporte de emergência - icao;4;BAIXA DEMANDA;8.2
23;7;PA;passaporte de emergência - icao;4;BAIXA DEMANDA;8.2
23;7;RN;passaporte de emergência - icao;4;BAIXA DEMANDA;8.2
23;3;AP;passaporte de emergência - icao;4;BAIXA DEMANDA;8.2
23;3;RN;passaporte de emergência - icao;4;BAIXA DEMANDA;8.2
22;4;GO;passaporte de emergência - icao;4;BAIXA DEMANDA;8.3
21;11;PR;passaporte de emergência - icao;4;BAIXA DEMANDA;4.12
20;2;AM;passaporte de emergência - icao;4;BAIXA DEMANDA;6.9
24;9;RO;passaporte de emergência - icao;4;BAIXA DEMANDA;20.95
21;12;RS;passaporte de emergência - icao;4;BAIXA DEMANDA;4.12
22;1;RJ;passaporte de emergência - icao;4;BAIXA DEMANDA;8.3
20;7;SP;passaporte de emergência - icao;4;BAIXA DEMANDA;6.9
23;11;PB;passaporte de emergência - icao;4;BAIXA DEMANDA;8.2
20;8;RS;passaporte de emergência - icao;4;BAIXA DEMANDA;6.9
20;8;MG;passaporte de emergência - icao;4;BAIXA DEMANDA;6.9
23;5;AM;passaporte de emergência - icao;4;BAIXA DEMANDA;8.2
23;5;SC;passaporte de emergência - icao;4;BAIXA DEMANDA;8.2
23;6;SC;passaporte de emergência - icao;4;BAIXA DEMANDA;8.2
23;5;PR;passaporte de emergência - icao;4;BAIXA DEMANDA;8.2
20;12;PA;passaporte de emergência - icao;3;BAIXA DEMANDA;6.9
24;7;RN;passaporte de emergência - icao;3;BAIXA DEMANDA;20.95
24;8;PA;passaporte de emergência - icao;3;BAIXA DEMANDA;20.95
22;1;SC;passaporte de emergência - icao;3;BAIXA DEMANDA;8.3
21;10;PR;passaporte de emergência - icao;3;BAIXA DEMANDA;4.12
21;12;AM;passaporte de emergência - icao;3;BAIXA DEMANDA;4.12
21;3;PR;passaporte de emergência - icao;3;BAIXA DEMANDA;4.12
20;4;RN;passaporte de emergência - icao;3;BAIXA DEMANDA;6.9
20;4;SC;passaporte de emergência - icao;3;BAIXA DEMANDA;6.9
20;4;RS;passaporte de emergência - icao;3;BAIXA DEMANDA;6.9
24;6;MT;passaporte de emergência - icao;3;BAIXA DEMANDA;20.95
24;10;AC;passaporte de emergência - icao;3;BAIXA DEMANDA;20.95
21;1;RS;passaporte de emergência - icao;3;BAIXA DEMANDA;4.12
20;11;RS;passaporte de emergência - icao;3;BAIXA DEMANDA;6.9
20;11;PB;passaporte de emergência - icao;3;BAIXA DEMANDA;6.9
22;11;AL;passaporte de emergência - icao;3;BAIXA DEMANDA;8.3
21;8;AP;passaporte de emergência - icao;3;BAIXA DEMANDA;4.12
21;7;SC;passaporte de emergência - icao;3;BAIXA DEMANDA;4.12
23;9;CE;passaporte de emergência - icao;3;BAIXA DEMANDA;8.2
23;9;SC;passaporte de emergência - icao;3;BAIXA DEMANDA;8.2
20;1;MT;passaporte de emergência - icao;3;BAIXA DEMANDA;6.9
20;3;PE;passaporte de emergência - icao;3;BAIXA DEMANDA;6.9
24;7;MS;passaporte de emergência - icao;3;BAIXA DEMANDA;20.95
20;4;MG;passaporte de emergência - icao;3;BAIXA DEMANDA;6.9
22;9;SC;passaporte de emergência - icao;3;BAIXA DEMANDA;8.3
22;7;MG;passaporte de emergência - icao;3;BAIXA DEMANDA;8.3
22;10;PI;passaporte de emergência - icao;3;BAIXA DEMANDA;8.3
22;12;AL;passaporte de emergência - icao;3;BAIXA DEMANDA;8.3
20;3;ES;passaporte de emergência - icao;3;BAIXA DEMANDA;6.9
21;1;PA;passaporte de emergência - icao;3;BAIXA DEMANDA;4.12
21;1;DF;passaporte de emergência - icao;3;BAIXA DEMANDA;4.12
20;1;RJ;passaporte de emergência - icao;3;BAIXA DEMANDA;6.9
24;10;PI;passaporte de emergência - icao;3;BAIXA DEMANDA;20.95
22;6;RJ;passaporte de emergência - icao;3;BAIXA DEMANDA;8.3
21;8;GO;passaporte de emergência - icao;3;BAIXA DEMANDA;4.12
21;9;RJ;passaporte de emergência - icao;3;BAIXA DEMANDA;4.12
22;6;BA;passaporte de emergência - icao;3;BAIXA DEMANDA;8.3
22;7;PR;passaporte de emergência - icao;3;BAIXA DEMANDA;8.3
22;9;RJ;passaporte de emergência - icao;3;BAIXA DEMANDA;8.3
21;4;SC;passaporte de emergência - icao;3;BAIXA DEMANDA;4.12
24;3;ES;passaporte de emergência - icao;3;BAIXA DEMANDA;20.95
21;5;CE;passaporte de emergência - icao;3;BAIXA DEMANDA;4.12
20;11;BA;passaporte de emergência - icao;3;BAIXA DEMANDA;6.9
21;6;PR;passaporte de emergência - icao;3;BAIXA DEMANDA;4.12
23;12;BA;passaporte de emergência - icao;3;BAIXA DEMANDA;8.2
23;11;MG;passaporte de emergência - icao;3;BAIXA DEMANDA;8.2
23;11;SE;passaporte de emergência - icao;3;BAIXA DEMANDA;8.2
23;12;AC;passaporte de emergência - icao;3;BAIXA DEMANDA;8.2
23;10;PB;passaporte de emergência - icao;3;BAIXA DEMANDA;8.2
21;4;CE;passaporte de emergência - icao;3;BAIXA DEMANDA;4.12
22;12;MS;passaporte de emergência - icao;3;BAIXA DEMANDA;8.3
23;6;CE;passaporte de emergência - icao;3;BAIXA DEMANDA;8.2
22;7;CE;passaporte de emergência - icao;3;BAIXA DEMANDA;8.3
20;9;DF;passaporte de emergência - icao;3;BAIXA DEMANDA;6.9
23;1;MT;passaporte de emergência - icao;3;BAIXA DEMANDA;8.2
20;9;MG;passaporte de emergência - icao;3;BAIXA DEMANDA;6.9
23;1;PA;passaporte de emergência - icao;3;BAIXA DEMANDA;8.2
23;1;RJ;passaporte de emergência - icao;3;BAIXA DEMANDA;8.2
23;2;SC;passaporte de emergência - icao;3;BAIXA DEMANDA;8.2
23;2;AL;passaporte de emergência - icao;3;BAIXA DEMANDA;8.2
20;5;RN;passaporte de emergência - icao;3;BAIXA DEMANDA;6.9
20;5;MG;passaporte de emergência - icao;3;BAIXA DEMANDA;6.9
20;5;DF;passaporte de emergência - icao;3;BAIXA DEMANDA;6.9
24;4;ES;passaporte de emergência - icao;3;BAIXA DEMANDA;20.95
24;3;PI;passaporte de emergência - icao;3;BAIXA DEMANDA;20.95
21;5;PA;passaporte de emergência - icao;3;BAIXA DEMANDA;4.12
20;6;SC;passaporte de emergência - icao;3;BAIXA DEMANDA;6.9
21;9;DF;passaporte de emergência - icao;3;BAIXA DEMANDA;4.12
21;9;PR;passaporte de emergência - icao;3;BAIXA DEMANDA;4.12
21;9;PA;passaporte de emergência - icao;3;BAIXA DEMANDA;4.12
20;5;CE;passaporte de emergência - icao;3;BAIXA DEMANDA;6.9
20;12;RS;passaporte de emergência - icao;3;BAIXA DEMANDA;6.9
24;1;PA;passaporte de emergência - icao;3;BAIXA DEMANDA;20.95
24;1;GO;passaporte de emergência - icao;3;BAIXA DEMANDA;20.95
24;2;AC;passaporte de emergência - icao;3;BAIXA DEMANDA;20.95
23;8;AP;passaporte de emergência - icao;3;BAIXA DEMANDA;8.2
21;11;CE;passaporte de emergência - icao;3;BAIXA DEMANDA;4.12
24;2;RO;passaporte de emergência - icao;3;BAIXA DEMANDA;20.95
23;4;AC;passaporte de emergência - icao;3;BAIXA DEMANDA;8.2
23;3;RJ;passaporte de emergência - icao;3;BAIXA DEMANDA;8.2
23;3;DF;passaporte de emergência - icao;3;BAIXA DEMANDA;8.2
23;7;PB;passaporte de emergência - icao;3;BAIXA DEMANDA;8.2
23;4;CE;passaporte de emergência - icao;3;BAIXA DEMANDA;8.2
23;3;AM;passaporte de emergência - icao;3;BAIXA DEMANDA;8.2
24;5;RN;passaporte de emergência - icao;3;BAIXA DEMANDA;20.95
22;9;AM;passaporte de emergência - icao;3;BAIXA DEMANDA;8.3
22;4;AM;passaporte de emergência - icao;3;BAIXA DEMANDA;8.3
22;4;RN;passaporte de emergência - icao;3;BAIXA DEMANDA;8.3
22;5;DF;passaporte de emergência - icao;3;BAIXA DEMANDA;8.3
22;4;AP;passaporte de emergência - icao;3;BAIXA DEMANDA;8.3
21;11;PA;passaporte de emergência - icao;3;BAIXA DEMANDA;4.12
21;12;RN;passaporte de emergência - icao;3;BAIXA DEMANDA;4.12
20;7;RN;passaporte de emergência - icao;3;BAIXA DEMANDA;6.9
23;5;MG;passaporte de emergência - icao;3;BAIXA DEMANDA;8.2
23;5;BA;passaporte de emergência - icao;3;BAIXA DEMANDA;8.2
22;1;BA;passaporte de emergência - icao;3;BAIXA DEMANDA;8.3
20;9;RS;passaporte de emergência - icao;3;BAIXA DEMANDA;6.9
20;8;RN;passaporte de emergência - icao;3;BAIXA DEMANDA;6.9
20;9;RJ;passaporte de emergência - icao;3;BAIXA DEMANDA;6.9
24;2;MT;passaporte de emergência - icao;3;BAIXA DEMANDA;20.95
20;1;RN;passaporte de emergência - icao;3;BAIXA DEMANDA;6.9
20;9;AL;passaporte de emergência - icao;3;BAIXA DEMANDA;6.9
20;2;BA;passaporte de emergência - icao;3;BAIXA DEMANDA;6.9
24;9;GO;passaporte de emergência - icao;3;BAIXA DEMANDA;20.95
20;2;PB;passaporte de emergência - icao;3;BAIXA DEMANDA;6.9
24;10;AL;passaporte de emergência - icao;3;BAIXA DEMANDA;20.95
24;10;AP;passaporte de emergência - icao;3;BAIXA DEMANDA;20.95
24;10;GO;passaporte de emergência - icao;3;BAIXA DEMANDA;20.95
20;1;PB;passaporte de emergência - icao;2;BAIXA DEMANDA;6.9
20;3;RJ;passaporte de emergência - icao;2;BAIXA DEMANDA;6.9
20;4;BA;passaporte de emergência - icao;2;BAIXA DEMANDA;6.9
20;4;MT;passaporte de emergência - icao;2;BAIXA DEMANDA;6.9
20;3;AM;passaporte de emergência - icao;2;BAIXA DEMANDA;6.9
20;3;GO;passaporte de emergência - icao;2;BAIXA DEMANDA;6.9
24;6;RO;passaporte de emergência - icao;2;BAIXA DEMANDA;20.95
24;7;AL;passaporte de emergência - icao;2;BAIXA DEMANDA;20.95
21;12;BA;passaporte de emergência - icao;2;BAIXA DEMANDA;4.12
20;1;MS;passaporte de emergência - icao;2;BAIXA DEMANDA;6.9
24;9;MS;passaporte de emergência - icao;2;BAIXA DEMANDA;20.95
24;9;PB;passaporte de emergência - icao;2;BAIXA DEMANDA;20.95
20;2;MA;passaporte de emergência - icao;2;BAIXA DEMANDA;6.9
20;2;MT;passaporte de emergência - icao;2;BAIXA DEMANDA;6.9
20;2;AL;passaporte de emergência - icao;2;BAIXA DEMANDA;6.9
20;2;AP;passaporte de emergência - icao;2;BAIXA DEMANDA;6.9
20;2;GO;passaporte de emergência - icao;2;BAIXA DEMANDA;6.9
20;8;MS;passaporte de emergência - icao;2;BAIXA DEMANDA;6.9
20;9;CE;passaporte de emergência - icao;2;BAIXA DEMANDA;6.9
24;2;MS;passaporte de emergência - icao;2;BAIXA DEMANDA;20.95
24;2;RR;passaporte de emergência - icao;2;BAIXA DEMANDA;20.95
23;5;AP;passaporte de emergência - icao;2;BAIXA DEMANDA;8.2
23;5;CE;passaporte de emergência - icao;2;BAIXA DEMANDA;8.2
23;3;MT;passaporte de emergência - icao;2;BAIXA DEMANDA;8.2
23;3;PB;passaporte de emergência - icao;2;BAIXA DEMANDA;8.2
23;6;PB;passaporte de emergência - icao;2;BAIXA DEMANDA;8.2
23;7;AP;passaporte de emergência - icao;2;BAIXA DEMANDA;8.2
21;5;BA;passaporte de emergência - icao;2;BAIXA DEMANDA;4.12
21;4;PA;passaporte de emergência - icao;2;BAIXA DEMANDA;4.12
23;2;RR;passaporte de emergência - icao;2;BAIXA DEMANDA;8.2
23;3;AL;passaporte de emergência - icao;2;BAIXA DEMANDA;8.2
23;2;AC;passaporte de emergência - icao;2;BAIXA DEMANDA;8.2
23;2;MG;passaporte de emergência - icao;2;BAIXA DEMANDA;8.2
23;1;PI;passaporte de emergência - icao;2;BAIXA DEMANDA;8.2
21;7;AM;passaporte de emergência - icao;2;BAIXA DEMANDA;4.12
20;9;PB;passaporte de emergência - icao;2;BAIXA DEMANDA;6.9
20;9;PR;passaporte de emergência - icao;2;BAIXA DEMANDA;6.9
24;5;MT;passaporte de emergência - icao;2;BAIXA DEMANDA;20.95
24;5;PI;passaporte de emergência - icao;2;BAIXA DEMANDA;20.95
24;4;PI;passaporte de emergência - icao;2;BAIXA DEMANDA;20.95
24;5;AC;passaporte de emergência - icao;2;BAIXA DEMANDA;20.95
24;5;AP;passaporte de emergência - icao;2;BAIXA DEMANDA;20.95
24;4;AL;passaporte de emergência - icao;2;BAIXA DEMANDA;20.95
21;4;PR;passaporte de emergência - icao;2;BAIXA DEMANDA;4.12
24;2;ES;passaporte de emergência - icao;2;BAIXA DEMANDA;20.95
24;2;GO;passaporte de emergência - icao;2;BAIXA DEMANDA;20.95
20;11;CE;passaporte de emergência - icao;2;BAIXA DEMANDA;6.9
20;10;RJ;passaporte de emergência - icao;2;BAIXA DEMANDA;6.9
23;10;ES;passaporte de emergência - icao;2;BAIXA DEMANDA;8.2
23;10;MG;passaporte de emergência - icao;2;BAIXA DEMANDA;8.2
23;10;MS;passaporte de emergência - icao;2;BAIXA DEMANDA;8.2
23;9;PI;passaporte de emergência - icao;2;BAIXA DEMANDA;8.2
23;9;RJ;passaporte de emergência - icao;2;BAIXA DEMANDA;8.2
23;9;AP;passaporte de emergência - icao;2;BAIXA DEMANDA;8.2
23;9;MG;passaporte de emergência - icao;2;BAIXA DEMANDA;8.2
23;9;MT;passaporte de emergência - icao;2;BAIXA DEMANDA;8.2
23;8;PI;passaporte de emergência - icao;2;BAIXA DEMANDA;8.2
21;8;PR;passaporte de emergência - icao;2;BAIXA DEMANDA;4.12
21;8;AL;passaporte de emergência - icao;2;BAIXA DEMANDA;4.12
21;8;CE;passaporte de emergência - icao;2;BAIXA DEMANDA;4.12
22;11;PI;passaporte de emergência - icao;2;BAIXA DEMANDA;8.3
22;11;RN;passaporte de emergência - icao;2;BAIXA DEMANDA;8.3
22;11;AP;passaporte de emergência - icao;2;BAIXA DEMANDA;8.3
22;11;AC;passaporte de emergência - icao;2;BAIXA DEMANDA;8.3
22;10;GO;passaporte de emergência - icao;2;BAIXA DEMANDA;8.3
22;8;MT;passaporte de emergência - icao;2;BAIXA DEMANDA;8.3
22;7;PA;passaporte de emergência - icao;2;BAIXA DEMANDA;8.3
22;6;AM;passaporte de emergência - icao;2;BAIXA DEMANDA;8.3
22;6;MT;passaporte de emergência - icao;2;BAIXA DEMANDA;8.3
22;9;ES;passaporte de emergência - icao;2;BAIXA DEMANDA;8.3
21;9;AL;passaporte de emergência - icao;2;BAIXA DEMANDA;4.12
20;7;DF;passaporte de emergência - icao;2;BAIXA DEMANDA;6.9
24;6;ES;passaporte de emergência - icao;2;BAIXA DEMANDA;20.95
20;6;AP;passaporte de emergência - icao;2;BAIXA DEMANDA;6.9
20;6;DF;passaporte de emergência - icao;2;BAIXA DEMANDA;6.9
20;6;PE;passaporte de emergência - icao;2;BAIXA DEMANDA;6.9
20;6;PR;passaporte de emergência - icao;2;BAIXA DEMANDA;6.9
20;6;RN;passaporte de emergência - icao;2;BAIXA DEMANDA;6.9
20;6;RS;passaporte de emergência - icao;2;BAIXA DEMANDA;6.9
20;5;RS;passaporte de emergência - icao;2;BAIXA DEMANDA;6.9
20;5;SC;passaporte de emergência - icao;2;BAIXA DEMANDA;6.9
20;6;AM;passaporte de emergência - icao;2;BAIXA DEMANDA;6.9
22;8;RN;passaporte de emergência - icao;2;BAIXA DEMANDA;8.3
21;7;GO;passaporte de emergência - icao;2;BAIXA DEMANDA;4.12
22;7;RJ;passaporte de emergência - icao;2;BAIXA DEMANDA;8.3
23;8;RO;passaporte de emergência - icao;2;BAIXA DEMANDA;8.2
23;12;MT;passaporte de emergência - icao;2;BAIXA DEMANDA;8.2
23;12;RJ;passaporte de emergência - icao;2;BAIXA DEMANDA;8.2
23;12;RR;passaporte de emergência - icao;2;BAIXA DEMANDA;8.2
24;1;AL;passaporte de emergência - icao;2;BAIXA DEMANDA;20.95
23;11;SC;passaporte de emergência - icao;2;BAIXA DEMANDA;8.2
23;12;AL;passaporte de emergência - icao;2;BAIXA DEMANDA;8.2
23;11;GO;passaporte de emergência - icao;2;BAIXA DEMANDA;8.2
23;10;PE;passaporte de emergência - icao;2;BAIXA DEMANDA;8.2
22;1;MT;passaporte de emergência - icao;2;BAIXA DEMANDA;8.3
22;1;ES;passaporte de emergência - icao;2;BAIXA DEMANDA;8.3
22;4;PR;passaporte de emergência - icao;2;BAIXA DEMANDA;8.3
22;4;RJ;passaporte de emergência - icao;2;BAIXA DEMANDA;8.3
22;3;SC;passaporte de emergência - icao;2;BAIXA DEMANDA;8.3
22;4;BA;passaporte de emergência - icao;2;BAIXA DEMANDA;8.3
22;3;BA;passaporte de emergência - icao;2;BAIXA DEMANDA;8.3
22;3;PR;passaporte de emergência - icao;2;BAIXA DEMANDA;8.3
21;12;MG;passaporte de emergência - icao;2;BAIXA DEMANDA;4.12
21;12;MT;passaporte de emergência - icao;2;BAIXA DEMANDA;4.12
21;12;PE;passaporte de emergência - icao;2;BAIXA DEMANDA;4.12
21;10;MT;passaporte de emergência - icao;2;BAIXA DEMANDA;4.12
21;10;PB;passaporte de emergência - icao;2;BAIXA DEMANDA;4.12
21;9;SC;passaporte de emergência - icao;2;BAIXA DEMANDA;4.12
21;10;AC;passaporte de emergência - icao;2;BAIXA DEMANDA;4.12
21;10;AM;passaporte de emergência - icao;2;BAIXA DEMANDA;4.12
21;10;DF;passaporte de emergência - icao;2;BAIXA DEMANDA;4.12
21;10;GO;passaporte de emergência - icao;2;BAIXA DEMANDA;4.12
22;2;PA;passaporte de emergência - icao;2;BAIXA DEMANDA;8.3
22;2;PR;passaporte de emergência - icao;2;BAIXA DEMANDA;8.3
22;3;AP;passaporte de emergência - icao;2;BAIXA DEMANDA;8.3
22;2;AL;passaporte de emergência - icao;2;BAIXA DEMANDA;8.3
21;3;AM;passaporte de emergência - icao;2;BAIXA DEMANDA;4.12
21;3;MG;passaporte de emergência - icao;2;BAIXA DEMANDA;4.12
21;3;PA;passaporte de emergência - icao;2;BAIXA DEMANDA;4.12
21;3;PB;passaporte de emergência - icao;2;BAIXA DEMANDA;4.12
21;3;RS;passaporte de emergência - icao;2;BAIXA DEMANDA;4.12
21;2;AP;passaporte de emergência - icao;2;BAIXA DEMANDA;4.12
21;2;DF;passaporte de emergência - icao;2;BAIXA DEMANDA;4.12
21;2;PR;passaporte de emergência - icao;2;BAIXA DEMANDA;4.12
21;1;PR;passaporte de emergência - icao;2;BAIXA DEMANDA;4.12
21;1;SC;passaporte de emergência - icao;2;BAIXA DEMANDA;4.12
24;10;RN;passaporte de emergência - icao;2;BAIXA DEMANDA;20.95
24;8;PB;passaporte de emergência - icao;2;BAIXA DEMANDA;20.95
20;1;RR;passaporte de emergência - icao;1;BAIXA DEMANDA;6.9
20;1;TO;passaporte de emergência - icao;1;BAIXA DEMANDA;6.9
20;2;PI;passaporte de emergência - icao;1;BAIXA DEMANDA;6.9
20;2;RO;passaporte de emergência - icao;1;BAIXA DEMANDA;6.9
20;2;RR;passaporte de emergência - icao;1;BAIXA DEMANDA;6.9
24;9;PI;passaporte de emergência - icao;1;BAIXA DEMANDA;20.95
24;10;MA;passaporte de emergência - icao;1;BAIXA DEMANDA;20.95
20;4;PE;passaporte de emergência - icao;1;BAIXA DEMANDA;6.9
20;4;TO;passaporte de emergência - icao;1;BAIXA DEMANDA;6.9
20;5;AM;passaporte de emergência - icao;1;BAIXA DEMANDA;6.9
24;7;RO;passaporte de emergência - icao;1;BAIXA DEMANDA;20.95
24;7;TO;passaporte de emergência - icao;1;BAIXA DEMANDA;20.95
24;8;MS;passaporte de emergência - icao;1;BAIXA DEMANDA;20.95
24;8;RN;passaporte de emergência - icao;1;BAIXA DEMANDA;20.95
24;9;AC;passaporte de emergência - icao;1;BAIXA DEMANDA;20.95
24;9;AL;passaporte de emergência - icao;1;BAIXA DEMANDA;20.95
20;1;GO;passaporte de emergência - icao;1;BAIXA DEMANDA;6.9
21;1;MG;passaporte de emergência - icao;1;BAIXA DEMANDA;4.12
21;1;MT;passaporte de emergência - icao;1;BAIXA DEMANDA;4.12
21;1;RJ;passaporte de emergência - icao;1;BAIXA DEMANDA;4.12
21;2;AM;passaporte de emergência - icao;1;BAIXA DEMANDA;4.12
21;2;CE;passaporte de emergência - icao;1;BAIXA DEMANDA;4.12
21;2;GO;passaporte de emergência - icao;1;BAIXA DEMANDA;4.12
21;2;PA;passaporte de emergência - icao;1;BAIXA DEMANDA;4.12
21;2;RS;passaporte de emergência - icao;1;BAIXA DEMANDA;4.12
21;3;CE;passaporte de emergência - icao;1;BAIXA DEMANDA;4.12
21;3;MS;passaporte de emergência - icao;1;BAIXA DEMANDA;4.12
23;11;AP;passaporte de emergência - icao;1;BAIXA DEMANDA;8.2
23;11;RJ;passaporte de emergência - icao;1;BAIXA DEMANDA;8.2
23;12;AP;passaporte de emergência - icao;1;BAIXA DEMANDA;8.2
23;12;ES;passaporte de emergência - icao;1;BAIXA DEMANDA;8.2
23;12;MA;passaporte de emergência - icao;1;BAIXA DEMANDA;8.2
23;12;MS;passaporte de emergência - icao;1;BAIXA DEMANDA;8.2
23;12;PI;passaporte de emergência - icao;1;BAIXA DEMANDA;8.2
24;1;MS;passaporte de emergência - icao;1;BAIXA DEMANDA;20.95
23;8;PB;passaporte de emergência - icao;1;BAIXA DEMANDA;8.2
23;8;SC;passaporte de emergência - icao;1;BAIXA DEMANDA;8.2
23;8;SE;passaporte de emergência - icao;1;BAIXA DEMANDA;8.2
23;9;AL;passaporte de emergência - icao;1;BAIXA DEMANDA;8.2
23;9;BA;passaporte de emergência - icao;1;BAIXA DEMANDA;8.2
23;9;ES;passaporte de emergência - icao;1;BAIXA DEMANDA;8.2
23;10;AP;passaporte de emergência - icao;1;BAIXA DEMANDA;8.2
23;10;BA;passaporte de emergência - icao;1;BAIXA DEMANDA;8.2
23;10;GO;passaporte de emergência - icao;1;BAIXA DEMANDA;8.2
23;10;MT;passaporte de emergência - icao;1;BAIXA DEMANDA;8.2
21;1;AM;passaporte de emergência - icao;1;BAIXA DEMANDA;4.12
21;1;CE;passaporte de emergência - icao;1;BAIXA DEMANDA;4.12
20;10;MG;passaporte de emergência - icao;1;BAIXA DEMANDA;6.9
20;10;PB;passaporte de emergência - icao;1;BAIXA DEMANDA;6.9
20;10;PR;passaporte de emergência - icao;1;BAIXA DEMANDA;6.9
20;10;SC;passaporte de emergência - icao;1;BAIXA DEMANDA;6.9
20;11;GO;passaporte de emergência - icao;1;BAIXA DEMANDA;6.9
20;11;MG;passaporte de emergência - icao;1;BAIXA DEMANDA;6.9
20;11;RN;passaporte de emergência - icao;1;BAIXA DEMANDA;6.9
20;11;SC;passaporte de emergência - icao;1;BAIXA DEMANDA;6.9
20;12;CE;passaporte de emergência - icao;1;BAIXA DEMANDA;6.9
20;12;GO;passaporte de emergência - icao;1;BAIXA DEMANDA;6.9
20;12;MT;passaporte de emergência - icao;1;BAIXA DEMANDA;6.9
20;12;PB;passaporte de emergência - icao;1;BAIXA DEMANDA;6.9
20;12;TO;passaporte de emergência - icao;1;BAIXA DEMANDA;6.9
23;5;RN;passaporte de emergência - icao;1;BAIXA DEMANDA;8.2
23;5;RR;passaporte de emergência - icao;1;BAIXA DEMANDA;8.2
23;6;GO;passaporte de emergência - icao;1;BAIXA DEMANDA;8.2
23;6;MT;passaporte de emergência - icao;1;BAIXA DEMANDA;8.2
23;6;PE;passaporte de emergência - icao;1;BAIXA DEMANDA;8.2
23;7;AC;passaporte de emergência - icao;1;BAIXA DEMANDA;8.2
23;7;MT;passaporte de emergência - icao;1;BAIXA DEMANDA;8.2
23;8;CE;passaporte de emergência - icao;1;BAIXA DEMANDA;8.2
23;8;MG;passaporte de emergência - icao;1;BAIXA DEMANDA;8.2
23;8;MS;passaporte de emergência - icao;1;BAIXA DEMANDA;8.2
23;8;MT;passaporte de emergência - icao;1;BAIXA DEMANDA;8.2
23;3;CE;passaporte de emergência - icao;1;BAIXA DEMANDA;8.2
23;3;MG;passaporte de emergência - icao;1;BAIXA DEMANDA;8.2
23;3;PE;passaporte de emergência - icao;1;BAIXA DEMANDA;8.2
23;3;SC;passaporte de emergência - icao;1;BAIXA DEMANDA;8.2
23;4;AP;passaporte de emergência - icao;1;BAIXA DEMANDA;8.2
23;4;ES;passaporte de emergência - icao;1;BAIXA DEMANDA;8.2
23;4;PB;passaporte de emergência - icao;1;BAIXA DEMANDA;8.2
23;4;RJ;passaporte de emergência - icao;1;BAIXA DEMANDA;8.2
23;4;RN;passaporte de emergência - icao;1;BAIXA DEMANDA;8.2
23;4;SC;passaporte de emergência - icao;1;BAIXA DEMANDA;8.2
23;5;MT;passaporte de emergência - icao;1;BAIXA DEMANDA;8.2
23;5;PI;passaporte de emergência - icao;1;BAIXA DEMANDA;8.2
24;3;AC;passaporte de emergência - icao;1;BAIXA DEMANDA;20.95
24;3;AL;passaporte de emergência - icao;1;BAIXA DEMANDA;20.95
20;7;PR;passaporte de emergência - icao;1;BAIXA DEMANDA;6.9
20;7;RJ;passaporte de emergência - icao;1;BAIXA DEMANDA;6.9
20;8;CE;passaporte de emergência - icao;1;BAIXA DEMANDA;6.9
20;8;MA;passaporte de emergência - icao;1;BAIXA DEMANDA;6.9
20;8;PB;passaporte de emergência - icao;1;BAIXA DEMANDA;6.9
20;8;PR;passaporte de emergência - icao;1;BAIXA DEMANDA;6.9
20;9;RN;passaporte de emergência - icao;1;BAIXA DEMANDA;6.9
23;1;GO;passaporte de emergência - icao;1;BAIXA DEMANDA;8.2
23;1;MG;passaporte de emergência - icao;1;BAIXA DEMANDA;8.2
23;1;PB;passaporte de emergência - icao;1;BAIXA DEMANDA;8.2
23;1;PR;passaporte de emergência - icao;1;BAIXA DEMANDA;8.2
23;2;CE;passaporte de emergência - icao;1;BAIXA DEMANDA;8.2
23;2;ES;passaporte de emergência - icao;1;BAIXA DEMANDA;8.2
23;2;MT;passaporte de emergência - icao;1;BAIXA DEMANDA;8.2
23;2;PI;passaporte de emergência - icao;1;BAIXA DEMANDA;8.2
23;2;RJ;passaporte de emergência - icao;1;BAIXA DEMANDA;8.2
23;2;RN;passaporte de emergência - icao;1;BAIXA DEMANDA;8.2
22;12;MA;passaporte de emergência - icao;1;BAIXA DEMANDA;8.3
21;4;GO;passaporte de emergência - icao;1;BAIXA DEMANDA;4.12
21;4;MG;passaporte de emergência - icao;1;BAIXA DEMANDA;4.12
21;4;PB;passaporte de emergência - icao;1;BAIXA DEMANDA;4.12
21;4;RJ;passaporte de emergência - icao;1;BAIXA DEMANDA;4.12
21;4;RS;passaporte de emergência - icao;1;BAIXA DEMANDA;4.12
21;5;AC;passaporte de emergência - icao;1;BAIXA DEMANDA;4.12
21;5;DF;passaporte de emergência - icao;1;BAIXA DEMANDA;4.12
21;5;ES;passaporte de emergência - icao;1;BAIXA DEMANDA;4.12
21;5;RJ;passaporte de emergência - icao;1;BAIXA DEMANDA;4.12
21;5;RR;passaporte de emergência - icao;1;BAIXA DEMANDA;4.12
21;5;SC;passaporte de emergência - icao;1;BAIXA DEMANDA;4.12
21;6;AM;passaporte de emergência - icao;1;BAIXA DEMANDA;4.12
21;6;BA;passaporte de emergência - icao;1;BAIXA DEMANDA;4.12
21;6;DF;passaporte de emergência - icao;1;BAIXA DEMANDA;4.12
21;6;GO;passaporte de emergência - icao;1;BAIXA DEMANDA;4.12
21;6;SC;passaporte de emergência - icao;1;BAIXA DEMANDA;4.12
20;10;AM;passaporte de emergência - icao;1;BAIXA DEMANDA;6.9
20;10;CE;passaporte de emergência - icao;1;BAIXA DEMANDA;6.9
24;3;GO;passaporte de emergência - icao;1;BAIXA DEMANDA;20.95
24;3;RN;passaporte de emergência - icao;1;BAIXA DEMANDA;20.95
24;4;AP;passaporte de emergência - icao;1;BAIXA DEMANDA;20.95
24;4;PE;passaporte de emergência - icao;1;BAIXA DEMANDA;20.95
24;4;SE;passaporte de emergência - icao;1;BAIXA DEMANDA;20.95
24;5;ES;passaporte de emergência - icao;1;BAIXA DEMANDA;20.95
22;10;AM;passaporte de emergência - icao;1;BAIXA DEMANDA;8.3
22;10;AP;passaporte de emergência - icao;1;BAIXA DEMANDA;8.3
22;10;ES;passaporte de emergência - icao;1;BAIXA DEMANDA;8.3
22;10;MS;passaporte de emergência - icao;1;BAIXA DEMANDA;8.3
22;10;PE;passaporte de emergência - icao;1;BAIXA DEMANDA;8.3
22;10;RJ;passaporte de emergência - icao;1;BAIXA DEMANDA;8.3
22;11;MS;passaporte de emergência - icao;1;BAIXA DEMANDA;8.3
22;11;PB;passaporte de emergência - icao;1;BAIXA DEMANDA;8.3
22;12;AC;passaporte de emergência - icao;1;BAIXA DEMANDA;8.3
21;7;PE;passaporte de emergência - icao;1;BAIXA DEMANDA;4.12
21;8;BA;passaporte de emergência - icao;1;BAIXA DEMANDA;4.12
21;8;PB;passaporte de emergência - icao;1;BAIXA DEMANDA;4.12
21;8;RJ;passaporte de emergência - icao;1;BAIXA DEMANDA;4.12
21;8;RN;passaporte de emergência - icao;1;BAIXA DEMANDA;4.12
21;8;SC;passaporte de emergência - icao;1;BAIXA DEMANDA;4.12
21;9;AM;passaporte de emergência - icao;1;BAIXA DEMANDA;4.12
21;9;BA;passaporte de emergência - icao;1;BAIXA DEMANDA;4.12
22;9;GO;passaporte de emergência - icao;1;BAIXA DEMANDA;8.3
22;9;MT;passaporte de emergência - icao;1;BAIXA DEMANDA;8.3
22;6;PE;passaporte de emergência - icao;1;BAIXA DEMANDA;8.3
22;6;SC;passaporte de emergência - icao;1;BAIXA DEMANDA;8.3
22;7;PE;passaporte de emergência - icao;1;BAIXA DEMANDA;8.3
22;8;AP;passaporte de emergência - icao;1;BAIXA DEMANDA;8.3
22;8;RJ;passaporte de emergência - icao;1;BAIXA DEMANDA;8.3
24;5;RO;passaporte de emergência - icao;1;BAIXA DEMANDA;20.95
24;6;AC;passaporte de emergência - icao;1;BAIXA DEMANDA;20.95
20;5;ES;passaporte de emergência - icao;1;BAIXA DEMANDA;6.9
20;5;MT;passaporte de emergência - icao;1;BAIXA DEMANDA;6.9
20;6;TO;passaporte de emergência - icao;1;BAIXA DEMANDA;6.9
20;7;AM;passaporte de emergência - icao;1;BAIXA DEMANDA;6.9
20;7;ES;passaporte de emergência - icao;1;BAIXA DEMANDA;6.9
20;7;MG;passaporte de emergência - icao;1;BAIXA DEMANDA;6.9
24;6;MA;passaporte de emergência - icao;1;BAIXA DEMANDA;20.95
22;3;ES;passaporte de emergência - icao;1;BAIXA DEMANDA;8.3
22;3;MT;passaporte de emergência - icao;1;BAIXA DEMANDA;8.3
22;4;MT;passaporte de emergência - icao;1;BAIXA DEMANDA;8.3
22;5;AL;passaporte de emergência - icao;1;BAIXA DEMANDA;8.3
22;5;AP;passaporte de emergência - icao;1;BAIXA DEMANDA;8.3
22;5;BA;passaporte de emergência - icao;1;BAIXA DEMANDA;8.3
22;5;ES;passaporte de emergência - icao;1;BAIXA DEMANDA;8.3
22;5;MG;passaporte de emergência - icao;1;BAIXA DEMANDA;8.3
22;5;PB;passaporte de emergência - icao;1;BAIXA DEMANDA;8.3
22;5;RR;passaporte de emergência - icao;1;BAIXA DEMANDA;8.3
21;12;RO;passaporte de emergência - icao;1;BAIXA DEMANDA;4.12
22;1;AM;passaporte de emergência - icao;1;BAIXA DEMANDA;8.3
22;1;MG;passaporte de emergência - icao;1;BAIXA DEMANDA;8.3
22;1;PR;passaporte de emergência - icao;1;BAIXA DEMANDA;8.3
22;1;RN;passaporte de emergência - icao;1;BAIXA DEMANDA;8.3
22;1;RR;passaporte de emergência - icao;1;BAIXA DEMANDA;8.3
22;2;BA;passaporte de emergência - icao;1;BAIXA DEMANDA;8.3
22;2;MT;passaporte de emergência - icao;1;BAIXA DEMANDA;8.3
22;2;PE;passaporte de emergência - icao;1;BAIXA DEMANDA;8.3
22;3;AC;passaporte de emergência - icao;1;BAIXA DEMANDA;8.3
22;3;AM;passaporte de emergência - icao;1;BAIXA DEMANDA;8.3
21;10;BA;passaporte de emergência - icao;1;BAIXA DEMANDA;4.12
21;10;CE;passaporte de emergência - icao;1;BAIXA DEMANDA;4.12
21;10;MG;passaporte de emergência - icao;1;BAIXA DEMANDA;4.12
21;11;BA;passaporte de emergência - icao;1;BAIXA DEMANDA;4.12
21;11;PE;passaporte de emergência - icao;1;BAIXA DEMANDA;4.12
21;11;RJ;passaporte de emergência - icao;1;BAIXA DEMANDA;4.12
21;11;RN;passaporte de emergência - icao;1;BAIXA DEMANDA;4.12
21;12;AC;passaporte de emergência - icao;1;BAIXA DEMANDA;4.12
21;12;RJ;passaporte de emergência - icao;1;BAIXA DEMANDA;4.12
24;6;TO;passaporte de emergência - icao;1;BAIXA DEMANDA;20.95
24;7;AP;passaporte de emergência - icao;1;BAIXA DEMANDA;20.95
24;7;MA;passaporte de emergência - icao;1;BAIXA DEMANDA;20.95
20;3;MA;passaporte de emergência - icao;1;BAIXA DEMANDA;6.9
20;4;AP;passaporte de emergência - icao;1;BAIXA DEMANDA;6.9
20;4;DF;passaporte de emergência - icao;1;BAIXA DEMANDA;6.9
20;1;AP;passaporte de emergência - icao;1;BAIXA DEMANDA;6.9
24;10;SE;passaporte de emergência - icao;1;BAIXA DEMANDA;20.95
20;1;AC;passaporte de emergência - icao;1;BAIXA DEMANDA;6.9
